{"cameraMode":{"drawMode":0,"name":"Shaded","section":"Shading Mode"},"sceneLighting":true,"audioPlay":false,"sceneViewState":{"m_AlwaysRefresh":false,"showFog":true,"showSkybox":true,"showFlares":true,"showImageEffects":true,"showParticleSystems":true,"showVisualEffectGraphs":true,"m_FxEnabled":true},"in2DMode":false,"pivot":{"x":20.39447593688965,"y":2.896486282348633,"z":9.33436107635498},"rotation":{"x":0.4399396777153015,"y":0.0004439848707988858,"z":-0.00021743054094258696,"w":0.8980274200439453},"size":16.202199935913087,"orthographic":false}