{"cameraMode":{"drawMode":0,"name":"Shaded","section":"Shading Mode"},"sceneLighting":false,"audioPlay":false,"sceneViewState":{"m_AlwaysRefresh":false,"showFog":true,"showSkybox":false,"showFlares":true,"showImageEffects":true,"showParticleSystems":true,"showVisualEffectGraphs":true,"m_FxEnabled":true},"in2DMode":false,"pivot":{"x":0.9061673879623413,"y":-3.818833827972412,"z":-28.941274642944337},"rotation":{"x":0.4035443365573883,"y":-0.019090967252850534,"z":0.008422025479376316,"w":0.9147299528121948},"size":10.606868743896485,"orthographic":false}