{"cameraMode":{"drawMode":0,"name":"Shaded","section":"Shading Mode"},"sceneLighting":true,"audioPlay":false,"sceneViewState":{"m_AlwaysRefresh":false,"showFog":true,"showSkybox":true,"showFlares":true,"showImageEffects":true,"showParticleSystems":true,"showVisualEffectGraphs":true,"m_FxEnabled":true},"in2DMode":false,"pivot":{"x":13.755244255065918,"y":-1.138580322265625,"z":7.697391510009766},"rotation":{"x":0.5291632413864136,"y":0.010846922174096108,"z":-0.006765200290828943,"w":0.8484252691268921},"size":23.22608757019043,"orthographic":false}