{"cameraMode":{"drawMode":0,"name":"Shaded","section":"Shading Mode"},"sceneLighting":true,"audioPlay":false,"sceneViewState":{"m_AlwaysRefresh":false,"showFog":true,"showSkybox":true,"showFlares":true,"showImageEffects":true,"showParticleSystems":true,"showVisualEffectGraphs":true,"m_FxEnabled":true},"in2DMode":false,"pivot":{"x":18.568500518798829,"y":-3.9013075828552248,"z":14.970556259155274},"rotation":{"x":0.46887534856796267,"y":-0.0006048529176041484,"z":0.0003211137664038688,"w":0.8832657337188721},"size":21.307945251464845,"orthographic":false}